Name,Parameter,New Applink (https://perawallet.app/qr/perawallet/app/) - New Deeplink (perawallet://app/),"Old Applink (https://perawallet.app/qr/perawallet/) - Old Deeplink (""algorand://"", ""perawallet://"", ""wc://"", ""perawallet-wc://"")",Android Valid Since ,iOS Destination,Android Destination,Old Deeplink Test,Old Deeplink QR,Old Applink Test,Old Applink QR,New Deeplink Test,New Deeplink QR,New Applink Test,New Applink QR,NOTE
Add Contact,"address*, label",add-contact/?address=$ADDRESS&label=$LABEL,perawallet://$ADDRESS,0,AddContactVC,AddContactQrScannerFragment,perawallet://5CYNWZY5JO7RWAPEQLWOTDULMDSSKJ55PHXNRTGZXUR62B7PR7JIDJGHEA,,https://perawallet.app/qr/perawallet/5CYNWZY5JO7RWAPEQLWOTDULMDSSKJ55PHXNRTGZXUR62B7PR7JIDJGHEA,,perawallet://app/add-contact/?address=5CYNWZY5JO7RWAPEQLWOTDULMDSSKJ55PHXNRTGZXUR62B7PR7JIDJGHEA&label=HELLO%20WORLD%20LABEL,,https://perawallet.app/qr/perawallet/app/add-contact/?address=5CYNWZY5JO7RWAPEQLWOTDULMDSSKJ55PHXNRTGZXUR62B7PR7JIDJGHEA&label=HELLO%20WORLD%20LABEL,,You should scan this QR from the Add Contact page or Home page. 
Edit Contact,"address*, label",edit-contact/?address=$ADDRESS&label=$LABEL,perawallet://$ADDRESS,0,AddContactVC,EditContactQrScannerFragment,perawallet://5CYNWZY5JO7RWAPEQLWOTDULMDSSKJ55PHXNRTGZXUR62B7PR7JIDJGHEA,,https://perawallet.app/qr/perawallet/5CYNWZY5JO7RWAPEQLWOTDULMDSSKJ55PHXNRTGZXUR62B7PR7JIDJGHEA,,perawallet://app/edit-contact/?address=5CYNWZY5JO7RWAPEQLWOTDULMDSSKJ55PHXNRTGZXUR62B7PR7JIDJGHEA&label=HELLO%20WORLD%20LABEL,,https://perawallet.app/qr/perawallet/app/edit-contact/?address=5CYNWZY5JO7RWAPEQLWOTDULMDSSKJ55PHXNRTGZXUR62B7PR7JIDJGHEA&label=HELLO%20WORLD%20LABEL,,You should scan this QR from the Edit Contact page. 
Add Watch Account,"address*, label",register-watch-account/?address=$ADDRESS&label=$LABEL,perawallet://$ADDRESS,0,WatchAccountAdditionVC,RegisterWatchAccountQrScannerFragment,perawallet://5CYNWZY5JO7RWAPEQLWOTDULMDSSKJ55PHXNRTGZXUR62B7PR7JIDJGHEA,,https://perawallet.app/qr/perawallet/5CYNWZY5JO7RWAPEQLWOTDULMDSSKJ55PHXNRTGZXUR62B7PR7JIDJGHEA,,perawallet://app/add-watch-account/?address=5CYNWZY5JO7RWAPEQLWOTDULMDSSKJ55PHXNRTGZXUR62B7PR7JIDJGHEA,,https://perawallet.app/qr/perawallet/app/add-watch-account/?address=5CYNWZY5JO7RWAPEQLWOTDULMDSSKJ55PHXNRTGZXUR62B7PR7JIDJGHEA,,You should scan this QR from the Add Watch Account page
Receiver Account Selection,"address*, label",receiver-account-selection/?address=$ADDRESS,perawallet://$ADDRESS,0,QRCreationVC,ReceiverAccountSelectionQrScannerFragment,perawallet://5CYNWZY5JO7RWAPEQLWOTDULMDSSKJ55PHXNRTGZXUR62B7PR7JIDJGHEA,,https://perawallet.app/qr/perawallet/5CYNWZY5JO7RWAPEQLWOTDULMDSSKJ55PHXNRTGZXUR62B7PR7JIDJGHEA,,perawallet://app/receiver-account-selection/?address=5CYNWZY5JO7RWAPEQLWOTDULMDSSKJ55PHXNRTGZXUR62B7PR7JIDJGHEA,,https://perawallet.app/qr/perawallet/app/receiver-account-selection/?address=5CYNWZY5JO7RWAPEQLWOTDULMDSSKJ55PHXNRTGZXUR62B7PR7JIDJGHEA,,You should scan this QR from the Receiver Accoount Selection page
Adress Actions ,"address*, label",address-actions/?address=$ADDRESS&label=$LABEL,perawallet://$ADDRESS,0,QRScanOptionsVC,AccountsQrScannerFragment,perawallet://5CYNWZY5JO7RWAPEQLWOTDULMDSSKJ55PHXNRTGZXUR62B7PR7JIDJGHEA,,https://perawallet.app/qr/perawallet/5CYNWZY5JO7RWAPEQLWOTDULMDSSKJ55PHXNRTGZXUR62B7PR7JIDJGHEA,,perawallet://app/address-actions/?address=5CYNWZY5JO7RWAPEQLWOTDULMDSSKJ55PHXNRTGZXUR62B7PR7JIDJGHEA,,https://perawallet.app/qr/perawallet/app/address-actions/?address=5CYNWZY5JO7RWAPEQLWOTDULMDSSKJ55PHXNRTGZXUR62B7PR7JIDJGHEA,,You should scan this QR from the Home page
ALGO Transfer,"assetId*, receiverAddress*, amount*, note, xnote, label",asset-transfer/?assetId=0&receiverAddress=$ADDRESS&amount=$AMOUNT&note=$NOTE&xnote=$XNOTE&label=$LABEL,perawallet://$ADDRESS?amount=$AMOUNT&note=$NOTE,0,SendTransactionScreen,SendAlgoFragment,perawallet://5CYNWZY5JO7RWAPEQLWOTDULMDSSKJ55PHXNRTGZXUR62B7PR7JIDJGHEA?amount=99999&note=HELLO%20WORLD%20NOTE,,https://perawallet.app/qr/perawallet/5CYNWZY5JO7RWAPEQLWOTDULMDSSKJ55PHXNRTGZXUR62B7PR7JIDJGHEA?amount=99999&note=HELLO%20WORLD%20NOTE,,perawallet://app/asset-transfer/?assetId=0&receiverAddress=Z73KQDNF5X3OPYUJNKH77CWZTHAYBKDUYRJELNMVFKWWYUJH2V2Y54W4CM&amount=99999&note=HELLO%20WORLD%20NOTE&xnote=HELLO%20WORLD%20XNOTE&label=HELLO%20WORLD%20LABEL,,https://perawallet.app/qr/perawallet/app/asset-transfer/?assetId=0&receiverAddress=Z73KQDNF5X3OPYUJNKH77CWZTHAYBKDUYRJELNMVFKWWYUJH2V2Y54W4CM&amount=99999&note=HELLO%20WORLD%20NOTE&xnote=HELLO%20WORLD%20XNOTE&label=HELLO%20WORLD%20LABEL,,
Asset Transfer,"assetId*, receiverAddress*, amount*, note, xnote, label",asset-transfer/?assetId=$ASSET_ID&receiverAddress=$ADDRESS&amount=$AMOUNT&note=$NOTE&xnote=$XNOTE&label=$LABEL,perawallet://$ADDRESS?amount=$AMOUNT&asset=$ASSET_ID&xnote=$XNOTE,0,SendTransactionScreen,SendAlgoFragment or UnsupportedAddAssetTryLaterBottomSheet,perawallet://5CYNWZY5JO7RWAPEQLWOTDULMDSSKJ55PHXNRTGZXUR62B7PR7JIDJGHEA?amount=99999&asset=31566704&xnote=HELLO%20WORLD%20XNOTE,,https://perawallet.app/qr/perawallet/5CYNWZY5JO7RWAPEQLWOTDULMDSSKJ55PHXNRTGZXUR62B7PR7JIDJGHEA?amount=99999&asset=31566704&xnote=HELLO%20WORLD%20XNOTE,,perawallet://app/asset-transfer/?assetId=31566704&receiverAddress=Z73KQDNF5X3OPYUJNKH77CWZTHAYBKDUYRJELNMVFKWWYUJH2V2Y54W4CM&amount=99999&note=HELLO%20WORLD%20NOTE&xnote=HELLO%20WORLD%20XNOTE&label=HELLO%20WORLD%20LABEL,,https://perawallet.app/qr/perawallet/app/asset-transfer/?assetId=31566704&receiverAddress=Z73KQDNF5X3OPYUJNKH77CWZTHAYBKDUYRJELNMVFKWWYUJH2V2Y54W4CM&amount=99999&note=HELLO%20WORLD%20NOTE&xnote=HELLO%20WORLD%20XNOTE&label=HELLO%20WORLD%20LABEL,,
Keyreg,"senderAddress*, type*, voteKey, selkey, sprfkey, votefst, votelst, votekd, fee, note, xnote",keyreg/?senderAddress=$ADDRESS&type=$TYPE&voteKey=$VOTE_KEY&selkey=$SELKEY&sprfkey=$SPFRKEY&votefst=$VOTEFST&votelst=$VOTELST&votekd=$VOTEKD&fee=$FEE&note=$NOTE&xnote=XNOTE,perawallet://$ADDRESS?type=keyreg&selkey=$SELKEY&sprfkey=$SPRFKEY&votefst=$VOTEFST&votekd=$VOTEKD&votekey=$VOTEKEY&votelst=$VOTELST&fee=$FEE&note=$NOTE,0,SendKeyRegTransactionScreen,KeyRegTransactionFragment or Show Error,perawallet://5CYNWZY5JO7RWAPEQLWOTDULMDSSKJ55PHXNRTGZXUR62B7PR7JIDJGHEA?type=keyreg&selkey=-lfw-Y04lTnllJfncgMjXuAePe8i8YyVeoR9c1Xi78c&sprfkey=3NoXc2sEWlvQZ7XIrwVJjgjM30ndhvwGgcqwKugk1u5W_iy_JITXrykuy0hUvAxbVv0njOgBPtGFsFif3yLJpg&votefst=1300&votekd=100&votekey=UU8zLMrFVfZPnzbnL6ThAArXFsznV3TvFVAun2ONcEI&votelst=11300&fee=2000000&note=Consensus%2Bparticipation%2Bftw,,https://perawallet.app/qr/perawallet/5CYNWZY5JO7RWAPEQLWOTDULMDSSKJ55PHXNRTGZXUR62B7PR7JIDJGHEA?type=keyreg&selkey=-lfw-Y04lTnllJfncgMjXuAePe8i8YyVeoR9c1Xi78c&sprfkey=3NoXc2sEWlvQZ7XIrwVJjgjM30ndhvwGgcqwKugk1u5W_iy_JITXrykuy0hUvAxbVv0njOgBPtGFsFif3yLJpg&votefst=1300&votekd=100&votekey=UU8zLMrFVfZPnzbnL6ThAArXFsznV3TvFVAun2ONcEI&votelst=11300&fee=2000000&note=Consensus%2Bparticipation%2Bftw,,perawallet://app/keyreg/?address=5CYNWZY5JO7RWAPEQLWOTDULMDSSKJ55PHXNRTGZXUR62B7PR7JIDJGHEA&type=keyreg&selkey=-lfw-Y04lTnllJfncgMjXuAePe8i8YyVeoR9c1Xi78c&sprfkey=3NoXc2sEWlvQZ7XIrwVJjgjM30ndhvwGgcqwKugk1u5W_iy_JITXrykuy0hUvAxbVv0njOgBPtGFsFif3yLJpg&votefst=1300&votekd=100&votekey=UU8zLMrFVfZPnzbnL6ThAArXFsznV3TvFVAun2ONcEI&votelst=11300&fee=2000000&note=Consensus%2Bparticipation%2Bftw,,https://perawallet.app/qr/perawallet/app/keyreg/?address=5CYNWZY5JO7RWAPEQLWOTDULMDSSKJ55PHXNRTGZXUR62B7PR7JIDJGHEA&type=keyreg&selkey=-lfw-Y04lTnllJfncgMjXuAePe8i8YyVeoR9c1Xi78c&sprfkey=3NoXc2sEWlvQZ7XIrwVJjgjM30ndhvwGgcqwKugk1u5W_iy_JITXrykuy0hUvAxbVv0njOgBPtGFsFif3yLJpg&votefst=1300&votekd=100&votekey=UU8zLMrFVfZPnzbnL6ThAArXFsznV3TvFVAun2ONcEI&votelst=11300&fee=2000000&note=Consensus%2Bparticipation%2Bftw,,
Recover Address,mnemonic*,recover-address/?mnemonic=$MNEMONIC,"{""mnemonic"": ""$MNEMONIC ""}",0,AccountRecoverVC,RecoverWithPassphraseFragment,"{""mnemonic"": ""sample soap trip gasp bracket hint wool lend syrup elbow tip gesture moral lion elegant disease scissors tragic goddess guess burger brand card absorb know""}",,"{""mnemonic"": ""sample soap trip gasp bracket hint wool lend syrup elbow tip gesture moral lion elegant disease scissors tragic goddess guess burger brand card absorb know""}",,"perawallet://app/recover-address/?mnemonic=twenty,effort,goddess,rabbit,help,main,behind,ankle,disease,often,define,fine,shy,excuse,segment,truth,canoe,bus,hammer,object,edge,scare,father,about,super",,"https://perawallet.app/qr/perawallet/app/recover-address/?mnemonic=twenty,effort,goddess,rabbit,help,main,behind,ankle,disease,often,define,fine,shy,excuse,segment,truth,canoe,bus,hammer,object,edge,scare,father,about,super",,
Web Import,"backupId*, encryptionKey*, action*, version, platform, modificationKey","{""version"":""$VERSION"",""action"":""$ACTION"",""platform"":""$PLATFORM"",""backupId"":""BACKUP_ID"",""encryptionKey"":""$ENCRYPTION_KEY""}","{""version"":""$VERSION"",""action"":""$ACTION"",""platform"":""$PLATFORM"",""backupId"":""BACKUP_ID"",""encryptionKey"":""$ENCRYPTION_KEY""}",0,WebImportInstructionScreen,WebImportIntroFragment,"{""version"":""1"",""action"":""import"",""platform"":""web"",""backupId"":""c96f4523-cd44-4fb8-9418-52efc33191ac"",""encryptionKey"":""140,20,240,110,205,146,175,35,55,117,112,217,146,152,138,174,174,46,116,95,144,166,150,212,224,227,114,215,39,165,35,50""}",,"{""version"":""1"",""action"":""import"",""platform"":""web"",""backupId"":""c96f4523-cd44-4fb8-9418-52efc33191ac"",""encryptionKey"":""140,20,240,110,205,146,175,35,55,117,112,217,146,152,138,174,174,46,116,95,144,166,150,212,224,227,114,215,39,165,35,50""}",,"perawallet://app/web-import/?backupId=c96f4523-cd44-4fb8-9418-52efc33191ac&encryptionKey=140,20,240,110,205,146,175,35,55,117,112,217,146,152,138,174,174,46,116,95,144,166,150,212,224,227,114,215,39,165,35,50&action=import",,"https://perawallet.app/qr/perawallet/app/web-import/?backupId=c96f4523-cd44-4fb8-9418-52efc33191ac&encryptionKey=140,20,240,110,205,146,175,35,55,117,112,217,146,152,138,174,174,46,116,95,144,166,150,212,224,227,114,215,39,165,35,50&action=import",,You should test this on staging
Wallet Connect,uri*,wallet-connect/?uri=$URI,wc:$ID@1?bridge=$BRIDGE&key=$KEY,0,WCSessionConnectionScreen,MainActivity,wc:34e3389c-afef-47ea-8843-d88d63609e93@1?bridge=https%3A%2F%2Fwallet-connect-c.perawallet.app&key=9844b76265fad3b8e1b9af9e1ede8c56a192e6f029d02f47a31bed2c82f104d0,,wc:34e3389c-afef-47ea-8843-d88d63609e93@1?bridge=https%3A%2F%2Fwallet-connect-c.perawallet.app&key=9844b76265fad3b8e1b9af9e1ede8c56a192e6f029d02f47a31bed2c82f104d0,,perawallet://app/wallet-connect/?walletConnectUrl=d2M6YzM2NDRiYTEtYjNmZC00Nzk1LThlMmItNTAzNDNhN2E4MjlmQDE/YnJpZGdlPWh0dHBzJTNBJTJGJTJGd2FsbGV0LWNvbm5lY3QtZy5wZXJhd2FsbGV0LmFwcCZrZXk9YjNiYTA4Zjc3ZGU1Nzk1MWM5ZmUxOTg4MTRiMDhjYmIyMTU0ODBiYTA5MTNjYzAxYjU0YWYzOTFiZjI2NTk0OSZhbGdvcmFuZD10cnVl,,https://perawallet.app/qr/perawallet/app/wallet-connect/?walletConnectUrl=d2M6YzM2NDRiYTEtYjNmZC00Nzk1LThlMmItNTAzNDNhN2E4MjlmQDE/YnJpZGdlPWh0dHBzJTNBJTJGJTJGd2FsbGV0LWNvbm5lY3QtZy5wZXJhd2FsbGV0LmFwcCZrZXk9YjNiYTA4Zjc3ZGU1Nzk1MWM5ZmUxOTg4MTRiMDhjYmIyMTU0ODBiYTA5MTNjYzAxYjU0YWYzOTFiZjI2NTk0OSZhbGdvcmFuZD10cnVl,,
Asset Opt-in,"address, assetId*, notificationGroupType(asset/opt-in)",asset-opt-in/?address=$ADDRESS&assetId=$ASSET_ID,perawallet://?amount=0&asset=$ASSET_ID,0,AssetAdditionVC,AddAssetAccountSelectionFragment,perawallet://?amount=0&asset=31566704,,https://perawallet.app/qr/perawallet/?amount=0&asset=31566704,,perawallet://app/asset-opt-in/?assetId=31566704,,https://perawallet.app/qr/perawallet/app/asset-opt-in/?assetId=31566704,,
Asset Opt-in (with type),"address, assetId*, notificationGroupType(asset/opt-in)",asset-opt-in/?address=$ADDRESS&assetId=$ASSET_ID,perawallet://$ADDRESS&type=asset/opt-in&asset=$ASSET_ID,0,AssetAdditionVC,AddAssetAccountSelectionFragment,perawallet://asset/opt-in?asset=31566704&account=5CYNWZY5JO7RWAPEQLWOTDULMDSSKJ55PHXNRTGZXUR62B7PR7JIDJGHEA,,https://perawallet.app/qr/perawallet/asset/opt-in?asset=31566704&account=5CYNWZY5JO7RWAPEQLWOTDULMDSSKJ55PHXNRTGZXUR62B7PR7JIDJGHEA,,perawallet://app/asset-opt-in/?address=5CYNWZY5JO7RWAPEQLWOTDULMDSSKJ55PHXNRTGZXUR62B7PR7JIDJGHEA&assetId=31566704,,https://perawallet.app/qr/perawallet/app/asset-opt-in/?address=5CYNWZY5JO7RWAPEQLWOTDULMDSSKJ55PHXNRTGZXUR62B7PR7JIDJGHEA&assetId=31566704,,Only available from notifications
Asset Transactions,"address*, assetId*, notificationGroupType(asset/transactions)",asset-detail/?address=$ADDRESS&assetId=$ASSET_ID,perawallet://$ADDRESS&type=asset/transactions&asset=$ASSET_ID,0,AssetDetailScreen,AssetDetailFragment,perawallet://asset/transactions?asset=31566704&account=5CYNWZY5JO7RWAPEQLWOTDULMDSSKJ55PHXNRTGZXUR62B7PR7JIDJGHEA,,https://perawallet.app/qr/perawallet/asset/transactions?asset=31566704&account=5CYNWZY5JO7RWAPEQLWOTDULMDSSKJ55PHXNRTGZXUR62B7PR7JIDJGHEA,,perawallet://app/asset-detail/?address=5CYNWZY5JO7RWAPEQLWOTDULMDSSKJ55PHXNRTGZXUR62B7PR7JIDJGHEA&assetId=31566704,,https://perawallet.app/qr/perawallet/app/asset-detail/?address=5CYNWZY5JO7RWAPEQLWOTDULMDSSKJ55PHXNRTGZXUR62B7PR7JIDJGHEA&assetId=31566704,,Only available from notifications
Asset Inbox,"address*, notificationGroupType(asset-inbox)",asset-inbox/?address=$ADDRESS,perawallet://$ADDRESS&type=asset-inbox,0,IncomingASAAccountsVC,AssetInboxOneAccountFragment or AccountDetailFragment,perawallet://asset-inbox?account=5CYNWZY5JO7RWAPEQLWOTDULMDSSKJ55PHXNRTGZXUR62B7PR7JIDJGHEA,,https://perawallet.app/qr/perawallet/asset-inbox?account=5CYNWZY5JO7RWAPEQLWOTDULMDSSKJ55PHXNRTGZXUR62B7PR7JIDJGHEA,,perawallet://app/asset-inbox/?address=5CYNWZY5JO7RWAPEQLWOTDULMDSSKJ55PHXNRTGZXUR62B7PR7JIDJGHEA,,https://perawallet.app/qr/perawallet/app/asset-inbox/?address=5CYNWZY5JO7RWAPEQLWOTDULMDSSKJ55PHXNRTGZXUR62B7PR7JIDJGHEA,,Only available from notifications
Discover Browser,webUrl*,discover-browser/?url=$URL,perawallet://?url=$URL,0,DiscoverInAppBrowserScreen,DiscoverUrlViewerFragment,perawallet://?url=aHR0cHM6Ly93d3cuYWxnb2xhbmQuY28v,,https://perawallet.app/qr/perawallet/?url=aHR0cHM6Ly90aW55bWFuLm9yZy8=,,perawallet://app/discover-browser/?url=aHR0cHM6Ly90aW55bWFuLm9yZy8=,,https://perawallet.app/qr/perawallet/app/discover-browser/?url=aHR0cHM6Ly90aW55bWFuLm9yZy8=,,
Discover (with path),path,discover-path/?path=$PATH,perawallet://discover?path=$PATH,0,DiscoverHomeScreen,DiscoverHomeFragment,perawallet://discover?path=main/markets,,https://perawallet.app/qr/perawallet/discover?path=main/markets,,perawallet://app/discover-path/?path=main/markets,,https://perawallet.app/qr/perawallet/app/discover-path/?path=main/markets,,
Discover (without path),path,discover-path/?path=$PATH,perawallet://discover?path=$PATH,0,DiscoverHomeScreen,DiscoverHomeFragment,perawallet://discover,,https://perawallet.app/qr/perawallet/discover,,perawallet://app/discover-path,,https://perawallet.app/qr/perawallet/app/discover-path/,,
Cards,path*,cards-path/?path=$PATH,perawallet://cards?path=$PATH,0,CardsScreen,CardsFragment,perawallet://cards?path=onboarding/select-country,,https://perawallet.app/qr/perawallet/cards?path=onboarding/select-country,,perawallet://app/cards-path/?path=onboarding/select-country,,https://perawallet.app/qr/perawallet/app/cards-path/?path=onboarding/select-country,,
Staking,path*,staking-path/?path=$PATH,perawallet://staking?path=$PATH,0,StakingScreen,StakingFragment,perawallet://staking?path=test,,https://perawallet.app/qr/perawallet/staking?path=test,,perawallet://app/staking-path/?path=test,,https://perawallet.app/qr/perawallet/app/staking-path/?path=test,,
Undefined,,,,,Show Error,Show Error,perawallet://undefined,,https://perawallet.app/qr/perawallet/undefined,,perawallet://app/undefined,,https://perawallet.app/qr/perawallet/app/undefined,,Generic error message will be shown
Coinbase Asset Transfer,address*,algo:31566704/transfer?address=5CYNWZY5JO7RWAPEQLWOTDULMDSSKJ55PHXNRTGZXUR62B7PR7JIDJGHEA,algo:31566704/transfer?address=5CYNWZY5JO7RWAPEQLWOTDULMDSSKJ55PHXNRTGZXUR62B7PR7JIDJGHEA,0,,,algo:31566704/transfer?address=5CYNWZY5JO7RWAPEQLWOTDULMDSSKJ55PHXNRTGZXUR62B7PR7JIDJGHEA,,,,algo:31566704/transfer?address=5CYNWZY5JO7RWAPEQLWOTDULMDSSKJ55PHXNRTGZXUR62B7PR7JIDJGHEA,,,,This deeplink is under control of Coinbase. We can't play with the format. So we will continue to support the same format.
,,,,,,,,,,,,,,,
New Deeplinks,,,,,,,,,,,,,,,
Asset Detail,"address*, assetId*",asset-detail/?address=$ADDRESS&assetId=$ASSET_ID,-,v6202516,ASADetailScreen,AssetDetailFragment,-,-,,,perawallet://app/asset-detail/?address=5CYNWZY5JO7RWAPEQLWOTDULMDSSKJ55PHXNRTGZXUR62B7PR7JIDJGHEA&assetId=31566704,,https://perawallet.app/qr/perawallet/app/asset-detail/?address=5CYNWZY5JO7RWAPEQLWOTDULMDSSKJ55PHXNRTGZXUR62B7PR7JIDJGHEA&assetId=31566704,,
Swap,"assetId, assetInId, assetOutId",swap/?address=$ADDRESS&assetInId=$ASSET_IN_ID&assetOutId=$ASSET_OUT_ID,-,v6202516,ConfirmSwapScreen,SwapFragment,-,-,,,perawallet://app/swap/?address=5CYNWZY5JO7RWAPEQLWOTDULMDSSKJ55PHXNRTGZXUR62B7PR7JIDJGHEA&assetInId=0&assetOutId=31566704,,https://perawallet.app/qr/perawallet/app/swap/?address=5CYNWZY5JO7RWAPEQLWOTDULMDSSKJ55PHXNRTGZXUR62B7PR7JIDJGHEA&assetInId=0&assetOutId=31566704,,
Buy,address,buy/?address=$ADDRESS,-,v6202516,DappDetail or AccountSelection,MeldIntroFragment,-,-,,,perawallet://app/buy/?address=5CYNWZY5JO7RWAPEQLWOTDULMDSSKJ55PHXNRTGZXUR62B7PR7JIDJGHEA,,https://perawallet.app/qr/perawallet/app/buy/?address=5CYNWZY5JO7RWAPEQLWOTDULMDSSKJ55PHXNRTGZXUR62B7PR7JIDJGHEA,,
Sell,address,sell/?address=$ADDRESS,-,v6202516,BidaliIntroductionScreen,BidaliIntroFragment,-,-,,,perawallet://app/sell/?address=5CYNWZY5JO7RWAPEQLWOTDULMDSSKJ55PHXNRTGZXUR62B7PR7JIDJGHEA,,https://perawallet.app/qr/perawallet/app/sell/?address=5CYNWZY5JO7RWAPEQLWOTDULMDSSKJ55PHXNRTGZXUR62B7PR7JIDJGHEA,,
Account Detail,address*,account-detail/?address=$ADDRESS,-,v6202516,AccountDetailVC,AccountDetailFragment,-,-,,,perawallet://app/account-detail/?address=5CYNWZY5JO7RWAPEQLWOTDULMDSSKJ55PHXNRTGZXUR62B7PR7JIDJGHEA,,https://perawallet.app/qr/perawallet/app/account-detail/?address=5CYNWZY5JO7RWAPEQLWOTDULMDSSKJ55PHXNRTGZXUR62B7PR7JIDJGHEA,,
Internal Browser,url*,internal-browser/?url=$URL,-,v6202516,,we,-,-,,,perawallet://app/internal-browser/?url=aHR0cHM6Ly9wZXJhd2FsbGV0LmFwcC8=,,https://perawallet.app/qr/perawallet/app/internal-browser/?url=aHR0cHM6Ly9wZXJhd2FsbGV0LmFwcC8=,,
Home (perawallet),,?any=$any,perawallet://?any=$any,v6202517,,HomeFragment,perawallet://?param1=hello&param2=yasin,,https://perawallet.app/qr/perawallet/?param1=hello&param2=yasin,,perawallet://app/?param1=hello&param2=yasin,,https://perawallet.app/qr/perawallet/app/?param1=hello&param2=yasin,,
Home (algorand),,?any=$any,algorand://?any=$any,v6202517,,HomeFragment,algorand://?param1=hello&param2=yasin,,https://perawallet.app/qr/perawallet/?param1=hello&param2=yasin,,perawallet://app/?param1=hello&param2=yasin,,https://perawallet.app/qr/perawallet/app/?param1=hello&param2=yasin,,
Home (wc),,?any=$any,wc://?any=$any,v6202517,,HomeFragment,wc://?param1=hello&param2=yasin,,https://perawallet.app/qr/perawallet/?param1=hello&param2=yasin,,perawallet://app/?param1=hello&param2=yasin,,https://perawallet.app/qr/perawallet/app/?param1=hello&param2=yasin,,
Home (perawallet-wc),,?any=$any,perawallet-wc://?any=$any,v6202517,,HomeFragment,perawallet-wc://?param1=hello&param2=yasin,,https://perawallet.app/qr/perawallet/?param1=hello&param2=yasin,,perawallet://app/?param1=hello&param2=yasin,,https://perawallet.app/qr/perawallet/app/?param1=hello&param2=yasin,,
,,,,,,,,,,,,,,,
,,,,,,,,,,,,,,,
,,,,,,,,,,,,,,,
,,,,,,,,,,,,,,,
,,,,,,,,,,,,,,,
,,,,,,,,,,,,,,,
,,,,,,,,,,,,,,,
,,,,,,,,,,,,,,,
,,,,,,,,,,,,,,,
,,,,,,,,,,,,,,,
,,,,,,,,,,,,,,,
,,,,,,,,,,,,,,,
,,,,,,,,,,,,,,,
,,,,,,,,,,,,,,,
,,,,,,,,,,,,,,,
,,,,,,,,,,,,,,,
,,,,,,,,,,,,,,,
,,,,,,,,,,,,,,,
,,,,,,,,,,,,,,,
,,,,,,,,,,,,,,,
,,,,,,,,,,,,,,,
,,,,,,,,,,,,,,,
,,,,,,,,,,,,,,,
,,,,,,,,,,,,,,,
,,,,,,,,,,,,,,,
,,,,,,,,,,,,,,,
,,,,,,,,,,,,,,,
,,,,,,,,,,,,,,,
,,,,,,,,,,,,,,,
,,,,,,,,,,,,,,,
,,,,,,,,,,,,,,,
,,,,,,,,,,,,,,,
,,,,,,,,,,,,,,,
,,,,,,,,,,,,,,,
,,,,,,,,,,,,,,,
,,,,,,,,,,,,,,,
,,,,,,,,,,,,,,,
,,,,,,,,,,,,,,,
,,,,,,,,,,,,,,,
,,,,,,,,,,,,,,,
,,,,,,,,,,,,,,,
,,,,,,,,,,,,,,,
,,,,,,,,,,,,,,,
,,,,,,,,,,,,,,,
,,,,,,,,,,,,,,,
,,,,,,,,,,,,,,,
,,,,,,,,,,,,,,,
,,,,,,,,,,,,,,,
,,,,,,,,,,,,,,,
,,,,,,,,,,,,,,,
,,,,,,,,,,,,,,,
,,,,,,,,,,,,,,,
,,,,,,,,,,,,,,,
,,,,,,,,,,,,,,,
,,,,,,,,,,,,,,,
,,,,,,,,,,,,,,,
,,,,,,,,,,,,,,,
,,,,,,,,,,,,,,,
,,,,,,,,,,,,,,,
,,,,,,,,,,,,,,,
,,,,,,,,,,,,,,,
ADDRESS,5CYNWZY5JO7RWAPEQLWOTDULMDSSKJ55PHXNRTGZXUR62B7PR7JIDJGHEA,,,,,,,,,,,,,,
RECEIVER_ACCOUNT_ADDRESS,Z73KQDNF5X3OPYUJNKH77CWZTHAYBKDUYRJELNMVFKWWYUJH2V2Y54W4CM,,,,,,,,,,,,,,
ALGO_ID,0,,,,,,,,,,,,,,
ASSET_ID,31566704,,,,,,,,,,,,,,
LABEL,HELLO%20WORLD%20LABEL,,,,,,,,,,,,,,
AMOUNT,99999,,,,,,,,,,,,,,
NOTE,HELLO%20WORLD%20NOTE,,,,,,,,,,,,,,
XNOTE,HELLO%20WORLD%20XNOTE,,,,,,,,,,,,,,
MNEMONIC,"twenty,effort,goddess,rabbit,help,main,behind,ankle,disease,often,define,fine,shy,excuse,segment,truth,canoe,bus,hammer,object,edge,scare,father,about,super",,,,,,,,,,,,,,
BACKUP_ID,c96f4523-cd44-4fb8-9418-52efc33191ac,,,,,,,,,,,,,,
ENCRYPTION_KEY,"140,20,240,110,205,146,175,35,55,117,112,217,146,152,138,174,174,46,116,95,144,166,150,212,224,227,114,215,39,165,35,50",,,,,,,,,,,,,,
WC_ID,34e3389c-afef-47ea-8843-d88d63609e93,,,,,,,,,,,,,,
WC_BRIDGE,https%3A%2F%2Fwallet-connect-c.perawallet.app,,,,,,,,,,,,,,
WC_KEY,9844b76265fad3b8e1b9af9e1ede8c56a192e6f029d02f47a31bed2c82f104d0,,,,,,,,,,,,,,
DISCOVER_URL,aHR0cHM6Ly90aW55bWFuLm9yZy8=,base64 encoded,,,,,,,,,,,,,
DISCOVER_PATH,main/markets,,,,,,,,,,,,,,
CARDS_PATH,onboarding/select-country,,,,,,,,,,,,,,
STAKING_PATH,test,,,,,,,,,,,,,,
WC_URI,d2M6YzM2NDRiYTEtYjNmZC00Nzk1LThlMmItNTAzNDNhN2E4MjlmQDE/YnJpZGdlPWh0dHBzJTNBJTJGJTJGd2FsbGV0LWNvbm5lY3QtZy5wZXJhd2FsbGV0LmFwcCZrZXk9YjNiYTA4Zjc3ZGU1Nzk1MWM5ZmUxOTg4MTRiMDhjYmIyMTU0ODBiYTA5MTNjYzAxYjU0YWYzOTFiZjI2NTk0OSZhbGdvcmFuZD10cnVl,base64 encoded,,,,,,,,,,,,,
ASSET_IN_ID,0,,,,,,,,,,,,,,
ASSET_OUT_ID,31566704,,,,,,,,,,,,,,
INTERNAL_BROWSER_URL,aHR0cHM6Ly9wZXJhd2FsbGV0LmFwcC8=,base64 encoded,,,,,,,,,,,,,
NEW_DEEPLINK,perawallet://app/,,,,,,,,,,,,,,
NEW_APPLINK,https://perawallet.app/qr/perawallet/app/,,,,,,,,,,,,,,
OLD_DEEPLINK,perawallet://,,,,,,,,,,,,,,
OLD_APPLINK,https://perawallet.app/qr/perawallet/,,,,,,,,,,,,,,